CLASS_DESCRIPTOR,VoxelVolume,Maximum3DDiameter,Compactness2,MeshVolume,MajorAxisLength,Sphericity,LeastAxisLength,Elongation,Compactness1,SurfaceVolumeRatio,Maximum2DDiameterSlice,Flatness,SurfaceArea,MinorAxisLength,Maximum2DDiameterColumn,SphericalDisproportion,Maximum2DDiameterRow,JointAverage,Autocorrelation,JointEntropy,ClusterShade,MaximumProbability,Idmn,JointEnergy,Contrast,DifferenceEntropy,InverseVariance,DifferenceVariance,Idn,Idm,Correlation,SumAverage,SumEntropy,MCC,SumSquares,ClusterProminence,Imc2,Imc1,DifferenceAverage,Id,ClusterTendency,GrayLevelVariance,HighGrayLevelEmphasis,DependenceEntropy,DependenceNonUniformity,GrayLevelNonUniformity,SmallDependenceEmphasis,SmallDependenceHighGrayLevelEmphasis,DependenceNonUniformityNormalized,LargeDependenceEmphasis,LargeDependenceLowGrayLevelEmphasis,DependenceVariance,LargeDependenceHighGrayLevelEmphasis,SmallDependenceLowGrayLevelEmphasis,LowGrayLevelEmphasis,InterquartileRange,Skewness,Uniformity,Median,Energy,RobustMeanAbsoluteDeviation,MeanAbsoluteDeviation,StandardDeviation,TotalEnergy,RootMeanSquared,X90Percentile,Minimum,Entropy,Range,Variance,X10Percentile,Kurtosis,Maximum,Mean,ShortRunLowGrayLevelEmphasis,GrayLevelVariance.1,LowGrayLevelRunEmphasis,GrayLevelNonUniformityNormalized,RunVariance,GrayLevelNonUniformity.1,LongRunEmphasis,ShortRunHighGrayLevelEmphasis,RunLengthNonUniformity,ShortRunEmphasis,LongRunHighGrayLevelEmphasis,RunPercentage,LongRunLowGrayLevelEmphasis,RunEntropy,HighGrayLevelRunEmphasis,RunLengthNonUniformityNormalized,GrayLevelVariance.2,ZoneVariance,GrayLevelNonUniformityNormalized.1,SizeZoneNonUniformityNormalized,SizeZoneNonUniformity,GrayLevelNonUniformity.2,LargeAreaEmphasis,SmallAreaHighGrayLevelEmphasis,ZonePercentage,LargeAreaLowGrayLevelEmphasis,LargeAreaHighGrayLevelEmphasis,HighGrayLevelZoneEmphasis,SmallAreaEmphasis,LowGrayLevelZoneEmphasis,ZoneEntropy,SmallAreaLowGrayLevelEmphasis,Coarseness,Complexity,Strength,Contrast.1,Busyness
Infected,-1354,-1776,-255,-1354,-1706,-197,-870,1710,-212,1122,-452,1062,-1482,-326,-1942,131,-1716,1746,2099,1396,1814,-835,2085,-968,155,721,-919,-19,1951,-477,1744,1746,1791,1926,2008,1763,1157,-1139,489,-473,2022,1942,2061,1800,-924,-1255,562,1694,101,-365,-761,-11,1418,-631,-1092,2038,-1012,-1364,1338,908,2079,2057,2042,893,1966,2000,-118,1742,2784,1942,1139,-909,2782,1741,-1071,1833,-1119,-1663,-448,-1361,-476,2124,-867,524,1844,399,-807,1729,2100,487,-17,-1049,-758,-1253,-1069,-1113,-1049,1613,633,-863,-1078,1860,-1277,-761,1732,-727,1853,1336,1289,-592,-1264
Infected,-1137,-1359,372,-1138,-1409,435,-817,568,420,495,-657,751,-1454,-919,-1697,-488,-1275,1454,2357,1127,3913,-586,1185,-626,199,591,-1279,125,895,-254,2257,1454,1629,1786,3681,3844,1240,-1424,389,-251,3712,3580,2283,1560,-854,-1037,389,1525,-115,-88,-421,315,1386,-532,-709,1774,-861,-998,511,1584,2411,3135,3413,1592,2166,2508,-118,1561,1083,3580,381,-1121,1083,1443,-777,3624,-775,-1399,-160,-1199,-206,2499,-783,311,2131,142,-501,1921,2472,274,734,-878,-1426,-1359,-927,-1066,-878,1304,478,-724,-991,1663,-1385,-658,2451,-636,1406,709,732,1231,-1085
Infected,-1057,-1015,212,-1056,-1075,280,-914,103,263,512,-822,281,-1298,-960,-1400,-340,-922,1469,2324,960,3784,-320,1296,-489,119,547,-1285,25,1012,-229,2245,1469,1419,1781,3521,3669,1167,-1316,335,-223,3556,3433,2253,1283,-803,-929,373,1519,-133,-58,-474,360,1346,-549,-786,1467,-773,-804,544,1693,2185,2997,3297,1715,2140,2467,-118,1359,1116,3433,571,-1070,1115,1460,-835,3521,-842,-1194,-121,-1089,-175,2490,-724,299,2109,118,-544,1723,2457,263,640,-834,-1304,-1597,-871,-957,-834,1279,483,-710,-914,1688,-1633,-665,2448,-646,1175,801,796,858,-1085
Mock,412,373,-354,412,465,-301,-21,-230,-316,-236,251,-506,644,281,452,239,515,-580,-670,518,-391,-839,-904,-732,1271,1363,1091,1213,-1288,-1686,-1620,-580,-395,-1895,-396,-369,-2283,2238,1426,-1681,-495,-389,-607,-1461,1578,148,1342,-93,1887,-1738,-685,-1939,-1502,1588,472,-468,544,-17,-448,-248,-551,-513,-394,-324,-591,-649,-118,-158,-174,-388,-613,588,-174,-584,1118,-631,679,615,-1539,1005,-1566,-858,1586,1691,-1341,1743,-509,-1993,-897,1713,1290,198,-299,867,1518,1375,198,-1314,1206,60,163,-1369,870,1479,-240,1515,-1100,314,-324,664,811
Mock,484,686,-298,484,755,-242,-109,-787,-257,-313,-56,-829,691,21,625,178,794,-793,-817,367,-372,-674,-906,-623,1284,1291,1328,1279,-1232,-1608,-1663,-793,-555,-1961,-407,-355,-2451,2304,1371,-1608,-507,-391,-749,-1645,1594,285,1262,-218,1801,-1697,-599,-1909,-1587,1902,804,-600,764,154,-679,-422,-677,-572,-397,-497,-754,-800,-118,-315,-109,-391,-897,807,-110,-793,1522,-616,1051,826,-1514,1173,-1534,-985,1611,1619,-1451,1684,-397,-2118,-1024,1635,1419,-202,-48,839,1556,1493,-202,-1439,1148,-165,-395,-1488,843,1834,-322,1874,-1154,324,-321,637,1020
Mock,692,879,-73,691,976,-7,-231,-692,-24,-561,381,-1107,786,324,1010,-60,1204,-878,-875,254,-374,-586,-989,-534,1138,1177,1564,1123,-1291,-1550,-1600,-878,-691,-1874,-437,-356,-2471,2301,1251,-1549,-527,-431,-820,-1766,1768,469,1143,-338,1755,-1670,-532,-1893,-1610,2022,910,-687,888,272,-779,-357,-732,-627,-446,-443,-839,-869,-118,-426,-230,-430,-944,954,-230,-883,1642,-652,1160,969,-1494,1419,-1510,-1056,1796,1575,-1497,1646,-327,-2217,-1091,1587,1501,614,133,825,1694,1692,614,-1502,1009,584,320,-1552,832,2032,-341,2080,-1216,205,-352,740,1300
Mock,-491,-852,-443,-491,-707,-397,-472,1026,-410,443,341,271,-336,216,-802,339,-695,-113,-286,1325,-380,-1473,-782,-1281,1592,1804,-128,1395,-1374,-2094,-1413,-113,528,-1647,-189,-358,-1528,1920,1880,-2072,-310,-168,-195,-567,937,-731,1877,426,2403,-1967,-1001,-2167,-1410,1554,55,368,-404,-899,81,-509,118,-94,-125,-600,-136,-183,-118,694,88,-168,-518,-337,88,-107,755,-463,287,-472,-1681,-173,-1735,-481,835,2037,-1101,2049,-771,-1278,-539,2099,1164,-615,-1333,775,742,341,-615,-1080,1755,-532,-725,-1113,771,1278,317,1364,-576,485,-253,1106,-12
Mock,-443,-744,-353,-443,-617,-300,-472,878,-314,343,243,176,-325,185,-772,237,-562,-166,-340,1216,-406,-1417,-1782,-1225,1514,1747,36,1315,-2161,-2051,-1479,-166,404,-1706,-247,-378,-1648,1976,1814,-2031,-363,-230,-255,-691,962,-663,1807,327,2353,-1946,-975,-2149,-1422,1509,66,280,-299,-795,15,-553,25,-172,-200,-633,-202,-251,-118,575,-460,-230,-518,-239,-460,-162,749,-523,290,-335,-1668,-79,-1719,-540,867,2003,-1137,2019,-755,-1396,-594,2060,1097,-525,-1146,683,752,412,-525,-1177,1693,-472,-617,-1190,677,1256,203,1330,-630,30,-369,2127,344
Mock,-408,-535,-408,-407,-408,-359,-614,796,-372,353,364,-159,-255,335,-624,299,-361,-144,-342,1094,-421,-1328,-1278,-1170,1460,1716,76,1249,-1778,-2047,-1586,-144,242,-1871,-311,-389,-1898,2105,1782,-2026,-424,-293,-259,-904,1007,-586,1785,313,2365,-1949,-1001,-2160,-1404,1363,-35,60,-127,-664,81,-509,-164,-292,-276,-602,-206,-306,-118,427,-222,-293,-329,-78,-222,-140,624,-584,180,-150,-1671,38,-1721,-550,907,2001,-1133,2021,-789,-1581,-601,2058,1041,-589,-851,606,775,520,-589,-1178,1676,-558,-600,-1193,601,1106,91,1173,-699,137,-344,1635,289
Mock,1836,1966,-442,1837,1746,-396,1348,166,-408,-893,2056,-580,2197,1966,2266,338,1422,-992,-968,450,-416,-848,-981,-751,1135,1232,1322,1062,-1370,-1738,-1769,-992,-538,-2069,-501,-374,-2589,2392,1325,-1722,-591,-522,-929,-1601,3177,944,1208,-556,2080,-1812,-488,-2069,-1696,3043,1377,-644,1002,53,-812,341,-784,-769,-561,293,-971,-1061,-118,-284,-222,-521,-1228,1220,-222,-1008,2326,-777,1703,801,-1581,2290,-1610,-1202,3175,1750,-1613,1814,-215,-2248,-1230,1779,1641,27,-4,830,3022,3027,27,-1903,1005,67,-223,-1885,833,3248,-149,3282,-1455,162,-426,916,2214
Mock,1940,1856,-556,1941,1581,-520,1580,294,-531,-869,2175,-277,2385,1932,2118,470,1435,-991,-962,510,-410,-886,-1219,-788,1169,1291,1166,1080,-1581,-1772,-1748,-991,-473,-2063,-481,-370,-2543,2379,1374,-1755,-574,-507,-925,-1549,3308,958,1226,-563,2107,-1825,-456,-2075,-1705,3116,1471,-644,927,-2,-812,428,-760,-743,-542,386,-965,-1034,-118,-226,-303,-506,-1228,1140,-303,-1009,2439,-766,1800,731,-1589,2325,-1620,-1199,3308,1773,-1616,1833,-178,-2198,-1228,1805,1570,-274,-31,607,3112,3166,-274,-1959,1029,-92,-669,-1901,610,3303,-14,3294,-1462,159,-431,950,2258
Mock,1868,1965,-630,1870,1844,-602,1245,94,-610,-794,2189,-730,2366,1989,2153,558,1584,-1097,-1029,506,-411,-907,-1188,-793,1132,1258,1201,1043,-1553,-1761,-1730,-1097,-469,-2051,-488,-369,-2519,2365,1341,-1742,-578,-512,-992,-1525,3231,916,1199,-642,2105,-1819,-295,-2067,-1750,3533,1840,-644,948,-7,-911,232,-768,-754,-547,184,-1046,-1089,-118,-224,-375,-510,-1418,1177,-375,-1113,2858,-771,2178,735,-1581,2268,-1614,-1263,3226,1769,-1671,1827,-10,-2199,-1291,1801,1597,-1,-79,706,3011,3018,-1,-2049,984,98,-303,-1985,709,3802,-45,3778,-1447,168,-426,935,2306
Infected,-675,-73,-1974,-673,-314,-2296,186,1124,-2213,2006,451,418,447,730,-55,2644,-415,1779,1346,2118,-440,-1561,-2083,-1496,4633,2959,-3899,4718,-2068,-2078,-2833,1779,1468,-2116,241,-352,-1508,1433,3581,-2111,-100,201,1576,922,-2239,-2000,3505,3199,1843,-1647,-1245,-1467,-2,-154,-1284,1642,-1901,-1582,2066,-2915,1250,670,301,1515,1540,1273,-118,1631,318,201,1754,-1624,317,1798,-994,-100,-1212,-1536,-1320,-2199,-1392,1340,-2413,1885,645,1796,-1128,62,1246,2008,-603,-1342,377,4662,-2482,-2839,-1342,1175,3662,-988,-1668,491,4495,-593,-2665,-499,4799,1579,701,2700,-1366
Infected,-50,264,-881,-50,227,-888,419,540,-888,428,603,65,435,772,145,874,95,758,456,254,-432,-563,106,-466,-346,-137,416,-398,-4,161,49,758,437,120,-335,-414,560,-452,-227,153,-313,-345,441,758,-161,-390,-194,199,-288,71,-605,143,1018,-604,-916,148,-798,-591,974,864,97,-146,-341,835,503,366,-118,394,-226,-345,1092,-871,-226,753,-895,-386,-912,-595,-89,-358,-47,383,-86,-152,725,-119,-639,497,431,-182,-937,137,628,-343,-92,97,137,604,-180,-387,1379,610,-341,-639,-486,-616,72,-373,-257,-422,-562
Infected,-347,252,-1087,-348,340,-1131,2,121,-1122,816,278,-374,207,492,280,1153,16,938,613,377,-448,-668,227,-592,-316,-61,390,-385,67,96,39,938,577,405,-324,-423,619,-503,-164,88,-304,-325,608,890,-341,-599,-73,387,-233,5,-701,91,1204,-627,-1021,280,-956,-747,1206,712,178,-106,-316,685,663,476,-118,540,-198,-325,1281,-1006,-198,938,-977,-380,-1008,-748,-153,-575,-114,533,-282,-77,891,-53,-726,584,584,-110,-1061,-236,800,-250,-281,-93,-236,769,-43,-584,859,745,-245,-677,-630,-647,326,-301,-203,-547,-720
Infected,-511,467,-1703,-509,480,-1918,13,312,-1864,1539,350,-492,443,817,435,2130,165,2118,2090,1792,184,-1406,757,-1381,-32,715,-16,-323,225,-697,1137,2118,2155,824,800,177,1195,-1075,466,-692,812,707,2032,2201,-136,-1179,476,1463,384,-711,-974,-529,1437,-687,-1300,2478,-2119,-1857,2264,2390,1984,1272,848,2433,1926,1685,-118,2107,475,707,1660,-1683,474,2094,-1221,484,-1301,-2070,-787,-1128,-785,1903,4,724,1688,696,-991,1718,1910,690,-793,-890,139,-1203,-299,-109,-890,1481,438,-839,-474,1789,-1228,-805,1107,-757,1167,183,7,-148,-1086
Infected,-379,555,-1533,-378,469,-1692,13,319,-1653,1249,437,-482,483,813,372,1837,481,1733,1893,1569,917,-1163,554,-1161,118,850,-741,-147,32,-683,1461,1733,1949,1081,1407,818,1154,-1065,581,-676,1416,1343,1855,1736,-74,-1010,629,1566,303,-588,-848,-272,879,-629,-1144,2302,-1532,-1584,1503,2390,2096,1734,1484,2448,1791,1822,-118,1881,398,1342,1092,-1340,398,1721,-1098,1182,-1164,-1850,-659,-983,-682,1898,100,719,1410,615,-881,1604,1847,686,-404,-1049,-320,-1687,-105,83,-1049,1257,673,-869,-1035,1703,-1731,-772,1855,-726,858,99,-28,734,-946
Infected,-410,861,-1714,-409,863,-1932,-155,-210,-1877,1462,366,-955,584,695,762,2149,504,2015,1941,1694,59,-1353,680,-1322,-87,757,-182,-423,98,-762,1052,2015,2012,766,655,45,1116,-938,475,-750,670,574,1889,1916,-34,-1098,500,1372,425,-748,-956,-538,1195,-673,-1271,2258,-2159,-1747,2132,2368,1857,1168,709,2419,1807,1630,-118,1961,374,575,1660,-1778,374,1994,-1200,331,-1278,-1939,-811,-1021,-818,1768,129,793,1487,746,-977,1476,1763,760,-985,-694,467,-1128,-199,62,-694,1357,419,-790,162,1642,-1146,-798,925,-745,959,99,-51,-134,-1032
Infected,-878,-327,-1555,-878,-378,-1720,456,60,-1680,1733,-351,711,-162,-292,-214,1874,-428,1920,1486,438,-588,-761,161,-691,-428,-98,929,-554,-44,40,-181,1920,591,134,-502,-507,556,-376,-201,27,-477,-554,1445,942,-665,-862,13,849,-116,-136,-1054,-116,2628,-801,-1515,324,-1229,-827,2363,995,150,-291,-604,987,1417,847,-118,575,-271,-554,2891,-1180,-271,1902,-1419,-679,-1484,-774,-320,-851,-260,1189,-666,-14,1964,60,-1050,485,1317,-49,-1580,-797,1617,23,-718,-471,-797,1452,47,-844,61,1339,35,-855,-1251,-794,704,-377,-235,-615,-928
Infected,-712,-162,-1474,-711,-192,-1614,595,-141,-1581,1487,-327,630,4,-288,-245,1739,-301,2014,1708,1163,-363,-1117,671,-1119,-54,410,668,-210,301,-402,236,2014,1344,375,-56,-311,806,-535,252,-412,-52,-114,1672,1596,-391,-1033,381,1271,194,-524,-1038,-448,1997,-735,-1437,1247,-1619,-1383,2363,1562,875,297,-62,1568,1617,1122,-118,1324,330,-114,2417,-1333,329,1991,-1340,-286,-1421,-1411,-655,-964,-620,1435,-322,419,1711,462,-1042,988,1509,379,-1063,-728,627,-58,-375,-258,-728,1627,404,-823,242,1527,-44,-828,-226,-769,804,147,-26,-846,-1056
Infected,-562,109,-1541,-562,74,-1701,743,-494,-1662,1416,-429,477,248,-350,195,1849,-18,1531,1151,830,-513,-1076,-497,-951,-40,293,670,-130,-652,-255,-179,1531,992,162,-303,-450,662,-415,169,-268,-303,-319,1148,1184,-339,-864,317,965,69,-380,-939,-303,1602,-666,-1270,587,-1349,-1126,1966,1126,345,-59,-309,1119,1160,751,-118,968,-448,-319,1991,-1227,-448,1524,-1171,-450,-1243,-1089,-524,-776,-486,961,-267,279,1266,318,-939,685,1023,239,-1137,-904,894,232,-208,-62,-904,1300,356,-855,-435,1127,248,-755,-789,-708,511,-477,-332,385,-733
Infected,-1216,-1025,215,-1216,-1034,282,-1003,-379,266,666,-1469,156,-1491,-1325,-850,-343,-1426,597,692,280,1125,-52,744,-200,24,125,-542,79,620,118,1155,597,528,1451,868,1190,678,-618,23,113,877,827,669,616,-1005,-823,176,660,-336,170,-393,413,789,-498,-669,236,521,-338,379,-335,382,723,972,-408,743,669,-118,472,463,827,571,860,462,593,-701,898,-693,-501,59,-967,49,770,-996,-75,818,-156,-448,784,771,-108,28,-713,-342,176,-935,-1062,-713,790,269,-656,-693,784,191,-583,534,-550,866,226,299,-110,-919
Infected,-1433,-1070,596,-1434,-1147,649,-1062,-1147,637,670,-1550,228,-1886,-2078,-890,-686,-1040,1726,2858,1191,4823,-410,2492,-537,478,462,-827,631,2804,-103,2337,1726,1723,1886,4460,5153,1305,-1544,359,-108,4480,4530,2866,1919,-1113,-1147,413,2293,-225,-1,-456,333,2865,-568,-796,2522,-881,-971,511,1605,3279,3890,4130,1621,2627,2934,8367,1676,4674,4530,476,-911,4680,1743,-865,4453,-858,-1453,-88,-1365,-121,2976,-1082,169,3155,35,-530,2257,3011,132,2982,-837,-2934,969,-1012,-1632,-837,3210,425,-685,-976,2833,985,-685,2188,-632,1761,6609,7757,-1962,-1428
Infected,-1232,-824,234,-1232,-1142,301,-961,-379,285,671,-1416,313,-1518,-1430,-952,-361,-881,804,966,621,1271,-473,1290,-502,-5,112,-264,37,1166,82,1382,804,962,1259,1169,1251,918,-920,11,77,1184,1102,924,1195,-998,-986,138,781,-293,88,-425,276,795,-526,-715,719,-25,-758,544,-73,820,1068,1249,-144,983,971,-118,896,1039,1102,523,138,1038,792,-758,1197,-748,-936,-49,-1114,-37,1052,-994,-61,985,-97,-486,1236,1049,-95,162,-820,-641,671,-945,-1174,-820,1050,171,-699,-898,1012,692,-606,545,-558,1175,811,783,-787,-1097
Mock,-464,-929,200,-464,-919,267,-249,491,251,19,-406,699,-605,-471,-754,-328,-826,163,-92,-547,-454,272,-1202,281,-412,-411,-34,-377,-853,478,-266,163,-458,-180,-534,-433,100,-71,-441,475,-510,-546,-110,-246,-573,-152,-332,-214,-514,456,-351,517,619,-539,-678,-512,107,324,313,-378,-511,-533,-593,-466,-56,-169,-118,-509,-915,-546,713,-67,-915,157,-708,-514,-682,362,350,-252,369,-102,-578,-460,300,-472,-386,-193,-64,-476,-876,-394,1165,-251,-510,-279,-394,16,-250,-519,-80,13,-246,-544,-979,-528,-28,-771,-411,945,-13
Mock,-674,-1238,398,-675,-1146,460,-355,589,446,73,-550,864,-925,-625,-989,-511,-1188,153,-93,-561,-443,222,-536,280,-398,-393,-245,-356,-358,485,-232,153,-472,-137,-510,-427,108,-87,-435,485,-487,-518,-108,-258,-731,-283,-310,-182,-547,495,-324,601,588,-538,-681,-468,63,296,280,-596,-431,-481,-558,-695,-53,-128,-118,-518,-698,-519,665,-119,-698,149,-726,-486,-697,320,420,-405,418,-82,-737,-447,301,-493,-361,-188,-49,-464,-831,-477,1048,-85,-684,-520,-477,85,-243,-544,-278,35,-72,-545,-1001,-523,126,-597,-310,155,-315
Mock,-292,-797,351,-292,-740,416,-295,524,400,-190,-118,460,-477,-255,-670,-469,-648,-110,-305,-1029,-423,832,-884,932,-472,-574,-408,-401,-533,663,-259,-110,-1026,-265,-560,-416,-214,154,-572,664,-532,-558,-319,-902,-534,277,-438,-359,-655,706,-149,789,433,-498,-514,-819,470,1007,-51,-487,-717,-607,-609,-575,-278,-334,-118,-1043,-863,-558,523,242,-863,-111,-589,-469,-533,944,699,57,674,-256,-544,-612,155,-684,-177,-538,-229,-620,-691,731,1068,-258,-406,-178,731,-98,-345,114,1483,-128,-252,-480,-988,-473,-290,-716,-383,515,143
Mock,-487,619,-606,-487,420,-575,-1162,-604,-584,554,-719,-1363,-246,-122,356,529,662,-8,-185,136,-391,-350,-1408,-365,8,166,1235,-3,-1249,-182,-320,-8,118,-280,-354,-384,78,180,107,-203,-359,-326,-159,-22,-281,-416,77,-28,72,-378,-296,-411,-233,-257,-221,-292,-262,-220,147,-466,-298,-284,-316,-552,-102,-100,-118,95,-879,-325,145,-379,-879,5,-184,-380,-215,-46,-529,-292,-473,-225,-240,183,-308,279,-341,-233,-226,145,-454,-68,393,-468,-335,-204,-68,-153,152,-331,357,-152,-462,-286,-248,-346,26,-682,-395,1480,14
Mock,-467,366,-437,-467,211,-390,-1076,-347,-403,420,-557,-1116,-311,-80,104,332,265,-37,-211,26,-390,-147,-1401,-213,0,164,1108,-10,-1239,-162,-341,-37,-33,-263,-368,-385,-28,277,98,-182,-373,-344,-189,-201,-283,-317,52,-70,40,-342,-205,-360,-247,-254,-175,-380,-191,-27,81,-487,-342,-307,-339,-571,-134,-114,-118,-43,-831,-344,192,-320,-831,-26,-180,-394,-196,135,-490,-207,-438,-248,-238,162,-324,248,-273,-352,-250,123,-433,30,479,-606,-343,-175,30,-220,135,-273,474,-192,-609,-287,-228,-338,-59,-684,-395,1423,66
Mock,-378,634,-435,-378,477,-388,-1163,-504,-401,349,-510,-1411,-207,29,382,330,561,-200,-332,-166,-364,-55,-1386,6,-5,66,1037,30,-1153,-42,-339,-200,-237,-301,-369,-369,-114,319,25,-63,-373,-334,-305,-397,-269,-156,3,-138,-58,-214,-100,-230,-330,-225,-44,-556,-8,214,-117,-553,-436,-327,-326,-637,-257,-210,-118,-239,-883,-333,50,-174,-883,-186,-65,-349,-62,352,-374,-78,-319,-333,-230,40,-405,124,-171,-433,-338,5,-329,106,396,-375,-250,-123,106,-257,91,-186,445,-252,-371,-252,-356,-307,-175,-684,-394,1395,195
Infected,-1395,-905,-305,-1395,-1034,-249,-1763,-369,-264,1203,-1537,-522,-1513,-1316,-982,185,-769,435,236,358,-242,-459,435,-484,-29,68,-282,23,337,124,93,435,555,202,-136,-239,595,-462,-27,118,-135,-135,248,878,-1122,-1019,125,328,-318,125,-374,319,547,-473,-618,324,-593,-650,544,-1010,222,43,-86,-1114,318,284,-118,519,148,-135,523,-569,148,445,-645,-143,-637,-702,-3,-1127,3,272,-1133,-80,409,-130,-431,669,283,-113,-702,-883,431,555,-1120,-1176,-883,465,178,-755,-913,356,576,-557,-579,-520,1205,3,136,-658,-948
Infected,-1317,-954,-26,-1318,-1056,41,-1604,-417,24,925,-1478,-357,-1527,-1379,-1092,-108,-858,166,25,-49,-191,-11,345,-28,-82,-48,-666,-1,314,275,142,166,95,43,-133,-229,376,-275,-131,274,-129,-123,38,318,-1120,-793,50,167,-445,337,-220,568,339,-434,-483,-116,-347,-119,181,-1119,-13,8,-72,-1242,107,202,-118,57,80,-123,334,-495,80,179,-541,-77,-510,-227,242,-956,228,123,-1136,-223,245,-312,-281,366,122,-251,-619,-653,451,441,-1078,-1115,-653,256,122,-621,-622,151,463,-498,-503,-478,851,-82,89,-538,-815
Infected,-1110,-670,405,-1111,-731,468,-1677,-816,453,450,-1458,-750,-1434,-1408,-872,-518,-410,-334,-439,-680,-386,485,526,640,-328,-481,-603,-204,614,624,-178,-334,-590,-103,-448,-388,103,-118,-484,627,-429,-425,-431,-316,-1071,-413,-335,-333,-657,682,127,802,78,-387,-159,-556,162,593,-316,-1403,-444,-390,-440,-1540,-397,-306,-118,-606,88,-425,-45,-29,88,-319,-295,-332,-201,434,646,-667,629,-333,-1120,-576,-93,-651,66,-48,-325,-586,-577,-465,570,846,-1033,-1091,-465,-19,-308,-425,-590,-182,867,-399,-1021,-380,434,-250,-4,-739,-577
Infected,39,246,-368,39,110,-316,1008,-500,-330,7,-219,655,237,-322,337,255,135,-62,-258,-462,-439,427,-924,284,-425,-558,-3,-338,-562,610,-221,-62,-307,-92,-518,-415,302,-317,-541,606,-492,-513,-268,76,-285,101,-432,-328,-601,587,4,614,485,-429,-311,-644,160,265,114,-95,-586,-548,-551,-153,-222,-306,-118,-352,-835,-513,334,55,-835,-62,-425,-442,-349,261,511,-9,525,-240,-274,-589,176,-597,-54,120,-204,-598,-591,561,513,560,-25,12,561,79,-399,-6,1329,-44,579,-411,-923,-399,-236,-739,-407,665,147
Infected,-51,241,-350,-50,164,-297,830,-594,-311,56,-295,456,126,-357,337,235,188,-67,-258,-412,-436,330,-976,216,-378,-494,-25,-290,-616,563,-234,-67,-259,-96,-501,-414,302,-301,-487,558,-479,-496,-266,112,-328,15,-412,-317,-572,540,-31,578,428,-432,-327,-512,112,195,81,-160,-524,-515,-529,-244,-219,-293,-118,-308,-879,-496,287,-1,-879,-65,-428,-432,-360,199,451,-82,468,-237,-317,-548,137,-553,-83,125,-205,-559,-618,-114,551,246,-133,-51,-114,40,-370,-348,271,-48,263,-418,-806,-416,-182,-732,-404,738,115
Infected,94,215,-447,93,27,-401,1094,-108,-414,23,194,810,341,-38,307,343,313,-142,-317,-663,-420,456,-486,472,-435,-600,-97,-338,-214,663,-216,-142,-534,-130,-520,-407,175,-211,-569,659,-494,-503,-321,-213,-262,244,-448,-334,-622,653,-57,673,394,-458,-372,-687,298,476,-18,-117,-622,-547,-538,-179,-279,-334,-118,-576,-629,-503,287,129,-629,-136,-465,-411,-393,472,586,109,598,-265,-266,-640,118,-656,-104,-63,-236,-646,-573,70,584,376,1,82,70,75,-399,-230,513,-42,394,-440,-949,-433,-337,-614,-354,122,71
Mock,1541,967,2379,1541,1133,2168,1032,-1251,2222,-1958,140,-293,530,-94,1071,-1947,988,-1836,-1396,-1828,-300,1769,-493,2119,-757,-1624,-1355,-483,272,1589,-42,-1836,-1671,30,-600,-305,11,-427,-1298,1604,-551,-583,-1433,-1120,316,2132,-1375,-1426,-1091,1810,3471,1446,-1005,285,2890,-1391,1888,1947,-1870,-880,-1289,-957,-642,-978,-1610,-1556,-118,-1724,-819,-584,-1891,1972,-818,-1838,1939,-212,2611,1709,2229,1395,2161,-1210,60,-1675,-1051,-1693,3569,-217,-1221,-1581,695,1535,-775,974,562,269,1535,-716,-1405,2762,132,-863,996,713,-279,592,-977,-754,-397,-4,2276
Mock,1511,1046,2118,1510,1201,1963,940,-1167,2003,-1864,417,-421,597,54,1309,-1790,956,-1724,-1321,-1740,-277,2018,310,2120,-700,-1491,-1264,-434,825,1486,8,-1724,-1625,47,-545,-293,-51,-307,-1205,1500,-500,-528,-1355,-1081,325,2109,-1260,-1323,-1057,1689,2904,1393,-942,212,2492,-1303,1666,1947,-1804,-727,-1181,-842,-571,-837,-1504,-1405,-118,-1666,-303,-529,-1749,1678,-303,-1725,1716,-171,2294,1595,2043,1351,1980,-1134,115,-1556,-985,-1584,2950,-208,-1146,-1476,636,1439,-747,980,649,361,1439,-669,-1281,2401,168,-813,1004,567,-283,455,-977,-452,-259,-932,1382
Mock,1694,1057,2146,1694,1252,1985,1050,-1049,2027,-1943,692,-383,747,222,1197,-1807,1028,-1768,-1359,-1804,-298,1993,-526,2141,-733,-1526,-1088,-478,196,1492,-51,-1768,-1694,-11,-592,-306,-101,-268,-1230,1504,-545,-575,-1395,-1205,444,2293,-1296,-1372,-1045,1670,2943,1344,-979,242,2565,-1347,1829,2008,-1837,-705,-1266,-930,-631,-800,-1558,-1501,-118,-1741,-847,-576,-1749,1883,-847,-1771,1795,-226,2377,1722,2005,1554,1954,-1187,225,-1570,-1037,-1577,2991,-330,-1198,-1488,637,1546,-666,867,749,499,1546,-728,-1316,2569,213,-865,891,628,-310,508,-1031,-747,-406,37,2337
Infected,936,782,980,936,1265,1002,-606,-783,999,-1198,220,-1614,520,506,968,-1001,1072,-659,-723,-1098,-474,1136,-551,1030,-758,-997,-160,-686,-173,941,-228,-659,-1011,-196,-690,-436,-18,-110,-927,947,-642,-735,-781,-646,169,1089,-1033,-1066,-796,948,413,820,-4,-377,110,-863,935,1032,-580,-117,-874,-881,-841,-176,-802,-842,-118,-1075,-851,-735,-281,914,-851,-681,-85,-632,73,954,897,820,936,-740,128,-1007,-310,-949,359,-322,-698,-984,-524,1095,898,-297,169,441,1095,-607,-1064,589,1418,-555,-289,-251,-668,-268,-745,-743,-419,-62,843
Infected,796,848,753,796,1139,796,-789,-651,787,-1031,304,-1653,483,521,852,-818,1036,-573,-566,-791,-255,1061,948,802,-626,-755,-644,-558,1029,805,253,-573,-632,111,-371,-276,258,-366,-754,816,-329,-401,-614,-297,94,796,-830,-824,-776,886,498,908,-109,-350,183,-556,502,706,-613,79,-507,-436,-411,19,-600,-512,-118,-702,217,-402,-423,420,217,-589,-55,-267,107,499,878,515,870,-500,120,-822,-248,-854,426,67,-484,-815,-337,634,418,-568,183,391,634,-485,-839,376,686,-358,-562,-278,71,-286,-607,10,-46,-1482,-117
Infected,920,973,1110,920,1303,1117,-829,-860,1118,-1245,360,-1807,449,463,1071,-1100,1069,-737,-750,-1126,-434,1312,958,1127,-789,-1040,-484,-716,1109,1001,-42,-737,-1013,358,-620,-413,77,-241,-971,1013,-569,-660,-808,-585,112,1093,-1066,-1089,-860,1063,610,965,-96,-362,242,-775,790,1055,-712,-160,-742,-747,-741,-237,-831,-787,-118,-1069,124,-660,-423,735,124,-756,-23,-540,167,884,1098,746,1098,-731,80,-1039,-335,-1035,559,-204,-696,-1013,-435,890,673,-290,130,345,890,-613,-1100,596,916,-557,-282,-236,-576,-245,-715,-87,-82,-1709,32
Mock,372,966,986,372,1162,1007,-709,-1710,1004,-913,-666,-1612,-40,-532,828,-1005,1295,-775,-778,-1031,-399,973,-719,910,-588,-896,590,-470,-300,812,-217,-775,-977,-235,-598,-384,-81,-7,-792,804,-562,-599,-806,-717,-100,719,-936,-936,-656,707,519,528,-279,-264,383,-1039,1001,1027,-679,-596,-947,-792,-663,-698,-827,-869,-118,-1023,-859,-600,-471,948,-859,-781,196,-476,353,1078,603,554,667,-759,-162,-868,-501,-762,454,-436,-736,-855,-62,659,183,-262,-208,-136,659,-420,-950,378,723,-456,-245,-112,-176,-178,-576,-732,-394,305,722
Mock,618,1042,1175,618,1416,1175,-635,-1813,1177,-1124,-468,-1749,129,-418,960,-1150,1520,-929,-881,-1277,-386,1247,-653,1255,-643,-1017,369,-510,-196,931,-199,-929,-1266,-245,-618,-375,-235,95,-888,927,-578,-620,-914,-1008,5,1081,-1010,-1020,-739,865,679,673,-377,-232,527,-1083,1224,1366,-878,-575,-1033,-846,-690,-676,-956,-979,-118,-1296,-839,-620,-613,1179,-839,-936,314,-464,498,1365,811,830,860,-843,-67,-987,-585,-899,626,-578,-823,-964,47,1911,91,-58,-33,4,1911,-459,-1029,1471,1810,-517,-38,-59,-274,-120,-715,-732,-398,191,974
Mock,657,1080,1162,657,1374,1164,-571,-1677,1166,-1138,-401,-1671,172,-313,895,-1140,1501,-956,-899,-1268,-385,1259,-662,1264,-635,-1010,433,-500,-205,922,-204,-956,-1258,-254,-616,-374,-236,100,-880,916,-577,-616,-930,-1010,41,1118,-1001,-1020,-723,844,701,637,-414,-210,585,-1127,1231,1382,-911,-575,-1041,-844,-684,-672,-975,-993,-118,-1288,-815,-616,-660,1188,-814,-963,373,-459,562,1381,771,871,830,-860,-36,-987,-617,-885,644,-580,-842,-964,68,776,100,76,22,46,776,-454,-1024,632,589,-529,97,-29,-326,-97,-738,-731,-399,206,1028
Infected,-1727,-1549,-137,-1727,-1508,-73,-2268,-492,-90,1489,-2103,-485,-2010,-1880,-1426,6,-1655,678,339,166,-496,-394,-1360,-361,-48,173,-230,-53,-1174,-14,-441,678,225,-124,-442,-453,244,-25,38,-15,-444,-431,361,330,-1318,-1079,231,429,-212,-29,-589,163,807,-552,-880,-116,-615,-367,941,-1294,-124,-289,-446,-1427,424,257,-118,209,-819,-430,1186,-695,-818,691,-861,-496,-885,-316,-170,-1178,-156,304,-1349,47,539,15,-636,102,331,11,-1126,-499,1459,488,-1426,-1354,-499,543,287,-639,7,374,512,-647,-1425,-611,1360,-699,-310,1290,-711
Infected,-1603,-1684,-3,-1603,-1446,65,-2122,-504,48,1237,-1959,-416,-1896,-1829,-1365,-131,-1555,558,232,72,-495,-485,-1292,-321,-108,81,-173,-106,-1093,61,-437,558,154,-162,-469,-453,255,-71,-41,59,-467,-459,248,263,-1248,-1006,95,267,-262,36,-578,199,712,-557,-860,-160,-470,-326,809,-1250,-189,-346,-483,-1378,312,147,-118,126,-835,-459,1044,-561,-835,568,-839,-517,-859,-247,-109,-1095,-89,202,-1277,-37,447,-56,-616,55,230,-71,-1104,-583,1527,257,-1373,-1262,-583,417,149,-682,-121,287,280,-634,-1306,-601,1190,-699,-317,1166,-652
Infected,-1496,-1284,55,-1496,-1270,123,-2066,-461,106,1071,-1682,-551,-1780,-1623,-1265,-188,-1409,461,169,-16,-454,-133,-226,-174,-133,88,-270,-144,-291,58,-316,461,39,-169,-422,-431,184,-5,-47,58,-417,-407,186,101,-1176,-900,57,216,-273,51,-516,237,556,-540,-788,-116,-446,-167,610,-1185,-133,-271,-419,-1307,250,161,-118,16,-400,-408,950,-582,-400,472,-782,-453,-795,-146,-79,-1001,-69,165,-1190,-22,349,-63,-562,-23,183,-57,-1024,-552,1392,-107,-1314,-1176,-552,337,111,-647,-173,268,-91,-618,-1065,-590,1005,-379,-120,-114,-800
Mock,-784,-618,-402,-785,-786,-353,-994,198,-366,661,-651,-99,-709,-584,-1229,293,-413,358,146,292,-362,-326,317,-425,-52,189,17,-75,135,-64,-23,358,373,19,-221,-363,358,-136,60,-69,-220,-232,148,509,-618,-683,71,125,-160,-106,-469,30,205,-477,-667,455,-786,-500,379,-400,344,46,-203,-488,216,257,-118,335,48,-232,429,-865,48,360,-667,-309,-681,-511,-261,-696,-231,129,-567,67,140,70,-523,244,137,30,-820,-845,871,-180,-620,-468,-845,106,103,-725,-916,116,-171,-549,-646,-524,434,-47,-46,-616,-725
Mock,-777,-785,-763,-776,-922,-752,-812,369,-756,919,-566,205,-515,-578,-1251,722,-351,-271,-214,1931,234,-1430,-584,-1395,4206,2993,-2545,4469,-1075,-2642,-1494,-271,999,-1807,770,112,-1775,2176,3429,-2638,467,996,85,-475,898,-924,3277,2036,2958,-2156,-689,-2263,-1759,3333,1172,763,-386,-1072,-448,-444,716,956,1145,-523,180,325,-118,1200,1019,997,-1276,-441,1018,-217,2097,743,1432,-764,-1792,-446,-1885,-82,744,2444,-1109,2369,-415,-912,-228,2564,3534,-1128,-2821,2353,1468,375,-1128,112,3287,-767,-1598,-362,2325,2394,1002,2475,-576,2176,76,1747,-265
Mock,-570,-300,-247,-571,-462,-188,-793,-352,-204,376,-705,-256,-527,-743,-688,123,-100,-277,-374,-164,-370,51,-493,15,-17,29,-616,67,-397,205,-245,-277,-88,-153,-327,-378,170,-33,-63,204,-330,-309,-356,39,-583,-356,1,-211,-395,257,71,454,-232,-294,-84,-160,-248,5,-282,-793,-121,-188,-296,-902,-311,-155,-118,-140,-492,-309,-234,-422,-492,-264,-207,-300,-143,-20,125,-430,133,-292,-539,-194,-295,-250,-29,7,-302,-223,-610,-651,839,48,-399,-258,-651,-385,69,-506,-903,-381,66,-357,-742,-354,72,-421,-249,245,-236
Mock,428,4,2149,427,203,1987,410,-1494,2030,-1394,-995,81,-401,-1167,260,-1809,-75,-1557,-1257,-1831,-329,2177,-135,2218,-738,-1525,-1017,-484,478,1476,-131,-1557,-1754,-89,-632,-328,-190,-168,-1234,1489,-585,-595,-1279,-1299,-319,1349,-1300,-1271,-1049,1632,2182,1320,-741,-17,1764,-1347,1802,2061,-1572,-1316,-1284,-952,-657,-1433,-1408,-1418,-118,-1771,-698,-596,-1418,1825,-698,-1551,1156,-260,1620,1725,1950,671,1901,-1082,-530,-1542,-838,-1544,2219,-414,-1084,-1463,502,1303,-507,1115,-261,-513,1303,-431,-1341,1755,368,-625,1133,237,-641,186,-661,-630,-295,-411,1027
Mock,683,460,2392,683,663,2179,405,-1931,2233,-1600,-1015,-353,-241,-1184,557,-1955,408,-1658,-1319,-2035,-331,2607,-80,2642,-792,-1625,-1136,-537,553,1555,-132,-1658,-2001,-98,-661,-329,-328,-74,-1309,1571,-610,-634,-1350,-1596,-190,1775,-1404,-1370,-1084,1736,2395,1382,-805,1,1946,-1435,1991,2439,-1672,-1250,-1361,-1020,-707,-1383,-1502,-1514,-118,-2002,-702,-634,-1465,2058,-702,-1657,1295,-281,1799,1966,2135,938,2067,-1149,-422,-1623,-896,-1635,2472,-562,-1151,-1534,548,1516,-525,1054,-152,-400,1516,-483,-1459,2148,403,-672,1073,278,-630,227,-792,-632,-304,-523,1287
Mock,668,373,2543,667,424,2295,560,-1605,2358,-1641,-787,-10,-301,-1076,509,-2042,104,-1772,-1378,-2105,-318,2549,-231,2703,-816,-1751,-1483,-537,506,1684,-98,-1772,-2042,-41,-657,-318,-250,-198,-1388,1703,-605,-623,-1408,-1502,-233,1779,-1464,-1415,-1133,1922,2912,1514,-860,79,2333,-1523,2072,2465,-1804,-1359,-1400,-1031,-694,-1491,-1578,-1583,-118,-2040,-791,-624,-1654,2156,-790,-1767,1536,-226,2139,2031,2436,907,2346,-1178,-512,-1763,-926,-1789,3048,-438,-1184,-1658,656,1404,-749,1240,-183,-499,1404,-484,-1515,2263,173,-692,1256,413,-607,351,-776,-697,-327,-325,1492
Infected,281,170,167,281,156,235,329,-605,219,-461,-123,62,227,-376,211,-297,272,-445,-563,-501,-530,128,1049,186,-946,-806,771,-1057,969,602,10,-445,-357,0,-680,-464,303,-331,-846,606,-618,-762,-642,41,-103,187,-901,-1073,-565,466,141,375,-57,-361,-12,-424,151,177,-316,-422,-484,-731,-877,-518,-642,-595,-118,-405,132,-762,-234,218,132,-467,-122,-790,-32,236,335,144,391,-689,-87,-619,-354,-527,74,-30,-638,-625,-1064,-147,1169,-586,-343,-39,-147,-864,-975,-197,-183,-723,-579,-238,-356,-274,-290,-73,-34,-1775,-364
Infected,-5,-445,747,-6,-403,790,15,-242,781,-581,-305,367,-333,-587,-148,-813,-102,-109,295,-19,1379,366,986,279,-544,-360,-872,-575,901,472,1731,-109,331,1221,1278,1232,874,-1079,-492,488,1335,1324,273,615,-334,-67,-563,-40,-633,596,535,840,-114,-314,258,455,-15,-10,-679,712,776,1257,1467,691,375,710,-118,288,334,1324,-708,-115,334,-100,-26,1618,121,-443,608,-343,547,597,-240,-404,338,-539,422,1138,555,-423,1006,-325,-1662,-1518,-443,-589,-325,315,-566,-132,-709,710,-1544,-282,2624,-306,72,37,104,171,-453
Infected,14,-280,961,14,-312,985,-59,-353,981,-693,-333,210,-396,-598,-244,-985,-184,-332,-90,-288,518,466,1024,412,-753,-651,-721,-787,999,675,1402,-332,47,824,561,337,772,-997,-740,694,624,602,-116,456,-385,26,-799,-456,-742,779,643,936,-163,-325,315,60,-219,148,-712,145,355,682,737,93,-34,353,-118,-10,285,601,-708,-436,285,-324,7,843,182,-222,813,-270,760,149,-333,-611,88,-724,542,896,127,-618,489,-209,-1103,-1075,-552,-650,-209,36,-865,-44,-581,317,-1081,-250,1875,-263,18,-54,76,-520,-425
Infected,-726,-1730,-783,-725,-1645,-775,1086,1942,-779,889,680,2835,-441,-72,-1752,748,-1761,466,578,1025,386,-430,2335,-720,896,1073,-1255,927,2409,-597,725,466,1200,1479,977,193,751,-496,939,-609,923,1133,703,862,-405,-875,1066,1638,186,-417,-253,12,-462,-265,-303,1686,-1449,-1007,48,385,1692,1519,1280,328,780,1190,-118,1182,4303,1133,-281,-1577,4301,520,-364,1121,-382,-1308,-475,-925,-528,931,-267,647,162,478,-352,986,805,613,689,-959,-1783,-301,24,-309,-959,1244,1256,-692,-1317,1179,-299,-483,1467,-473,697,1818,1309,-686,-1006
Infected,-31,-1212,-766,-31,-1308,-756,1702,2110,-760,328,1011,2938,387,456,-1056,726,-1165,-421,-415,-135,-163,-51,1015,-105,-599,-363,626,-696,855,292,456,-421,40,1144,-224,-140,456,-427,-448,288,-183,-254,-447,250,-199,-169,-377,-650,-376,182,179,240,-390,-233,134,16,-35,-182,-448,-400,17,-127,-229,-488,-409,-196,-118,9,330,-254,-565,137,329,-414,15,-271,83,-198,66,-183,88,-422,-124,-235,-423,-226,91,204,-416,-261,-836,-406,682,-662,-233,-2,-406,-868,-369,-286,-643,-641,-670,-205,-58,-228,-67,162,83,-1333,-498
Infected,292,-808,-101,292,-982,-36,1665,1798,-53,-317,941,2469,375,573,-620,-31,-600,-467,-367,-250,29,212,267,179,51,-143,51,225,332,320,382,-467,-108,250,120,-95,361,-326,-131,305,118,264,-297,4,-9,166,-122,150,-430,305,357,423,-505,-186,305,-160,-22,129,-646,145,0,282,371,95,-233,-4,-118,-138,24,264,-708,-299,23,-430,138,436,235,19,212,94,214,-105,85,-278,-337,-319,257,236,-155,-303,826,-362,-1408,101,393,82,-362,548,-38,-177,-751,395,109,-215,706,-237,-321,-89,-119,-147,-142
Infected,140,-502,-325,140,-578,-271,1066,853,-285,-86,90,1453,327,204,-381,207,-715,-655,-692,-803,-419,705,992,586,-711,-656,602,-754,941,566,-84,-655,-759,418,-599,-376,-39,20,-670,561,-554,-639,-735,-612,-170,373,-622,-960,-522,455,250,406,-354,-254,157,-687,504,666,-613,-684,-622,-667,-714,-787,-745,-636,-118,-780,289,-639,-423,525,289,-657,37,-622,132,688,346,277,383,-728,-164,-551,-547,-504,185,-430,-705,-561,-956,-66,1301,-787,-232,147,-66,-1143,-582,-55,-260,-930,-797,-167,-534,-203,-422,71,28,-1675,-269
Infected,21,-544,-213,22,-681,-152,896,811,-168,-79,141,1426,135,57,-639,86,-779,-416,-362,-378,74,536,1086,305,-712,-523,538,-803,969,437,739,-416,-236,1121,-88,81,362,-367,-593,435,-36,-122,-408,-20,-218,92,-618,-764,-467,335,195,340,-259,-277,115,-204,466,268,-547,-291,-131,-90,-71,-374,-364,-210,-118,-260,334,-122,-423,719,334,-418,-6,-71,78,162,221,-17,251,-359,-178,-408,-294,-382,119,142,-347,-426,-577,-325,545,-1381,-426,-143,-325,-897,-604,-228,-615,-544,-1420,-208,571,-241,-190,119,94,-1268,-431
Infected,60,-361,-117,60,-446,-53,848,398,-69,-162,-147,1117,129,-59,-407,-15,-604,-547,-481,-515,-85,693,1130,499,-781,-617,488,-872,1035,514,674,-547,-395,658,-184,-105,311,-342,-677,515,-128,-224,-532,-169,-227,206,-713,-894,-527,423,352,423,-373,-244,261,-204,178,443,-712,-444,-105,-123,-194,-530,-503,-251,-118,-408,338,-225,-565,235,338,-549,98,-178,207,276,336,42,356,-473,-190,-474,-404,-462,269,69,-463,-488,-613,-188,494,-1292,-456,-201,-188,-987,-725,-45,-572,-657,-1323,-138,471,-182,-236,114,105,-1410,-387
Infected,443,-310,-282,442,-256,-225,1534,1346,-240,-298,926,1480,636,995,-46,160,-391,251,122,303,-132,-427,-318,-457,202,330,993,216,-426,-281,102,251,361,13,4,-204,303,-63,272,-303,-11,109,182,58,448,-55,207,639,112,-427,-506,-413,-205,-380,-495,16,-260,-397,280,1060,58,165,198,1055,258,229,-118,322,-238,109,287,-433,-238,270,-430,111,-478,-302,-563,167,-519,203,591,273,-78,344,-531,16,168,234,400,-299,-829,-286,702,598,-299,996,282,-453,23,800,-287,-458,550,-477,-360,-297,-296,518,-146
Infected,205,-167,-963,205,-299,-983,834,1383,-980,314,805,943,789,981,-180,982,-426,546,308,548,-430,-599,839,-717,-664,29,1662,-993,363,-354,427,546,622,271,-285,-406,485,-230,-154,-355,-239,-367,241,550,352,-367,-255,-287,248,-601,-705,-670,87,-476,-757,675,-1234,-761,644,864,495,8,-368,845,307,380,-118,600,152,-367,618,-1187,152,525,-652,-566,-727,-674,-723,-139,-669,68,467,370,38,490,-712,133,103,331,-1245,-498,1327,-1602,-134,400,-498,-359,-341,-589,-144,-74,-1655,-479,104,-491,-67,-10,-124,-1093,-609
Infected,118,-238,-826,118,-273,-824,724,1162,-827,270,729,824,597,810,-236,803,-437,468,265,485,-359,-557,1071,-663,-708,-51,1576,-1021,643,-256,550,468,601,446,-227,-347,547,-344,-229,-256,-178,-299,202,579,220,-398,-339,-340,143,-493,-626,-543,83,-482,-700,763,-1095,-748,544,712,538,60,-284,677,268,325,-118,575,358,-299,476,-1033,358,451,-626,-479,-684,-705,-620,-224,-569,57,331,280,42,387,-646,219,90,242,-1156,-601,1116,-1680,-276,198,-601,-358,-429,-591,-509,-54,-1739,-480,315,-491,18,153,-11,-1325,-692
Mock,2303,2078,812,2303,1802,850,1376,-193,842,-1684,1404,-605,1881,1641,1637,-866,2364,-825,-826,-1154,-434,850,1,889,-918,-1221,652,-874,275,1015,-56,-825,-1016,-100,-693,-402,88,-268,-1087,1014,-634,-727,-890,-619,1068,1925,-1214,-1176,-762,919,587,655,-174,-301,368,-995,1259,965,-679,777,-1030,-976,-830,750,-930,-1034,-118,-1097,-629,-727,-518,1311,-629,-848,163,-597,340,1085,888,1816,940,-855,1024,-1077,-458,-964,549,-361,-815,-1045,-79,2948,118,-427,1068,1263,2948,-531,-1261,2032,3357,-518,-416,-94,-46,-144,-1077,-650,-414,-627,1264
Mock,2340,2297,656,2340,1922,706,1211,-97,695,-1632,1815,-817,1998,1863,1774,-737,2300,-798,-730,-818,-295,822,621,741,-786,-1002,446,-732,755,868,305,-798,-649,152,-433,-314,311,-451,-930,869,-380,-466,-790,-219,1121,1756,-1041,-1006,-730,801,861,640,-310,-215,659,-731,647,727,-812,1039,-684,-564,-492,1031,-804,-718,-118,-720,-170,-466,-708,576,-170,-819,356,-337,567,677,759,1611,794,-722,1168,-909,-474,-836,780,15,-696,-893,87,2509,-243,137,1335,1339,2509,-347,-1121,1898,2553,-420,161,-33,56,-92,-1031,-328,-291,-1094,741
Mock,2714,2595,987,2715,2323,1008,1262,-517,1005,-1891,1476,-1087,2156,1799,2266,-1006,2643,-967,-919,-1296,-429,1061,-516,1127,-970,-1328,491,-916,-83,1111,-31,-967,-1180,-80,-710,-398,29,-242,-1172,1113,-646,-747,-989,-727,1269,2375,-1306,-1271,-827,1045,820,757,-270,-261,569,-1083,1429,1183,-878,864,-1074,-1017,-857,842,-1051,-1144,-118,-1252,-928,-747,-660,1518,-927,-992,309,-595,524,1252,1057,2169,1099,-940,1211,-1180,-543,-1074,787,-405,-902,-1139,33,3899,15,-262,1311,1465,3899,-563,-1368,3161,3864,-577,-245,-15,-64,-76,-1169,-815,-477,-25,2061
Mock,-71,-661,-287,-72,-513,-230,562,2169,-245,30,1490,949,69,1438,-359,165,-811,768,813,978,493,-824,511,-870,229,338,732,253,309,-233,989,768,1332,836,826,366,1019,-993,285,-255,819,1003,905,1407,8,-699,235,1243,28,-335,-478,-242,356,-454,-610,1379,-846,-1175,610,1540,1167,1144,1151,1552,963,943,-118,1297,322,1003,239,-896,321,805,-607,1036,-634,-1332,-444,-649,-428,1003,135,271,664,279,-523,1287,959,233,1082,-523,-2254,-488,171,-245,-523,1861,314,-535,-353,1745,-493,-541,1807,-536,411,124,-22,313,-760
Mock,243,-289,-431,243,-95,-384,577,2101,-397,-84,2027,515,502,1867,75,326,-432,174,101,362,-100,-521,825,-536,-290,-69,1038,-355,621,25,566,174,605,568,51,-146,717,-656,-141,9,73,93,110,713,139,-317,-136,116,-139,-130,-303,-106,-47,-384,-387,587,-619,-700,147,733,473,297,179,695,185,270,-118,557,370,93,-92,-656,370,186,-401,85,-403,-747,-262,-240,-228,146,249,15,24,56,-355,581,135,-20,-132,-469,-585,-854,171,193,-469,281,-86,-440,-472,406,-873,-405,704,-410,-21,154,-17,-857,-596
Mock,355,-270,-365,355,-28,-313,684,2171,-327,-195,1937,533,587,2009,20,251,-195,-58,-174,106,-319,-510,810,-426,-427,-305,1445,-470,668,178,230,-58,318,693,-268,-331,580,-524,-329,159,-240,-227,-169,490,178,-158,-318,-188,-205,-38,-212,-100,-93,-333,-240,148,-344,-505,48,406,-3,-133,-196,352,-110,-114,-118,264,249,-227,-139,-443,249,-48,-244,-228,-236,-436,-189,-44,-134,-173,250,-149,-164,-61,-257,302,-165,-179,-229,129,-375,-301,208,193,129,116,-310,-149,538,132,-299,-312,30,-332,-175,58,-56,-1130,-488
